nat_id,name,classification,type1,type2,gen,xp_growth,hp,atk,def,sp_atk,sp_def,speed,base_total,base_egg_steps,base_happiness,capture_rate
1,Bulbasaur,Seed,Grass,Poison,1,Medium Slow,45,49,49,65,65,45,318,5120,70,45
2,Ivysaur,Seed,Grass,Poison,1,Medium Slow,60,62,63,80,80,60,405,5120,70,45
3,Venusaur,Seed,Grass,Poison,1,Medium Slow,80,100,123,122,120,80,625,5120,70,45
4,Charmander,Lizard,Fire,,1,Medium Slow,39,52,43,60,50,65,309,5120,70,45
5,Charmeleon,Flame,Fire,,1,Medium Slow,58,64,58,80,65,80,405,5120,70,45
6,Charizard,Flame,Fire,Flying,1,Medium Slow,78,104,78,159,115,100,634,5120,70,45
7,Squirtle,Tiny,Water,,1,Medium Slow,44,48,65,50,64,43,314,5120,70,45
8,Wartortle,Turtle,Water,,1,Medium Slow,59,63,80,65,80,58,405,5120,70,45
9,Blastoise,Shellfish,Water,,1,Medium Slow,79,103,120,135,115,78,630,5120,70,45
10,Caterpie,Worm,Bug,,1,Medium Fast,45,30,35,20,20,45,195,3840,70,255
11,Metapod,Cocoon,Bug,,1,Medium Fast,50,20,55,25,25,30,205,3840,70,120
12,Butterfree,Butterfly,Bug,Flying,1,Medium Fast,60,45,50,90,80,70,395,3840,70,45
13,Weedle,Hairy,Bug,Poison,1,Medium Fast,40,35,30,20,20,50,195,3840,70,255
14,Kakuna,Cocoon,Bug,Poison,1,Medium Fast,45,25,50,25,25,35,205,3840,70,120
15,Beedrill,Poison,Bug,Poison,1,Medium Fast,65,150,40,15,80,145,495,3840,70,45
16,Pidgey,Tiny,Normal,Flying,1,Medium Slow,40,45,40,35,35,56,251,3840,70,255
17,Pidgeotto,Bird,Normal,Flying,1,Medium Slow,63,60,55,50,50,71,349,3840,70,120
18,Pidgeot,Bird,Normal,Flying,1,Medium Slow,83,80,80,135,80,121,579,3840,70,45
19,Rattata,Mouse,Normal,Dark,1,Medium Fast,30,56,35,25,35,72,253,3840,70,255
20,Raticate,Mouse,Normal,Dark,1,Medium Fast,75,71,70,40,80,77,413,3840,70,127
21,Spearow,Tiny,Normal,Flying,1,Medium Fast,40,60,30,31,31,70,262,3840,70,255
22,Fearow,Beak,Normal,Flying,1,Medium Fast,65,90,65,61,61,100,442,3840,70,90
23,Ekans,Snake,Poison,,1,Medium Fast,35,60,44,40,54,55,288,5120,70,255
24,Arbok,Cobra,Poison,,1,Medium Fast,60,95,69,65,79,80,448,5120,70,90
25,Pikachu,Mouse,Electric,,1,Medium Fast,35,55,40,50,50,90,320,2560,70,190
26,Raichu,Mouse,Electric,Electric,1,Medium Fast,60,85,50,95,85,110,485,2560,70,75
27,Sandshrew,Mouse,Ground,Ice,1,Medium Fast,50,75,90,10,35,40,300,5120,70,255
28,Sandslash,Mouse,Ground,Ice,1,Medium Fast,75,100,120,25,65,65,450,5120,70,90
29,NidoranM,Poison,Poison,,1,Medium Slow,55,47,52,40,40,41,275,5120,70,235
30,Nidorina,Poison,Poison,,1,Medium Slow,70,62,67,55,55,56,365,5120,70,120
31,Nidoqueen,Drill,Poison,Ground,1,Medium Slow,90,92,87,75,85,76,505,5120,70,45
32,NidoranF,Poison,Poison,,1,Medium Slow,46,57,40,40,40,50,273,5120,70,235
33,Nidorino,Poison,Poison,,1,Medium Slow,61,72,57,55,55,65,365,5120,70,120
34,Nidoking,Drill,Poison,Ground,1,Medium Slow,81,102,77,85,75,85,505,5120,70,45
35,Clefairy,Fairy,Fairy,,1,Fast,70,45,48,60,65,35,323,2560,140,150
36,Clefable,Fairy,Fairy,,1,Fast,95,70,73,95,90,60,483,2560,140,25
37,Vulpix,Fox,Fire,Ice,1,Medium Fast,38,41,40,50,65,65,299,5120,70,190
38,Ninetales,Fox,Fire,Ice,1,Medium Fast,73,67,75,81,100,109,505,5120,70,75
39,Jigglypuff,Balloon,Normal,Fairy,1,Fast,115,45,20,45,25,20,270,2560,70,170
40,Wigglytuff,Balloon,Normal,Fairy,1,Fast,140,70,45,85,50,45,435,2560,70,50
41,Zubat,Bat,Poison,Flying,1,Medium Fast,40,45,35,30,40,55,245,3840,70,255
42,Golbat,Bat,Poison,Flying,1,Medium Fast,75,80,70,65,75,90,455,3840,70,90
43,Oddish,Weed,Grass,Poison,1,Medium Slow,45,50,55,75,65,30,320,5120,70,255
44,Gloom,Weed,Grass,Poison,1,Medium Slow,60,65,70,85,75,40,395,5120,70,120
45,Vileplume,Flower,Grass,Poison,1,Medium Slow,75,80,85,110,90,50,490,5120,70,45
46,Paras,Mushroom,Bug,Grass,1,Medium Fast,35,70,55,45,55,25,285,5120,70,190
47,Parasect,Mushroom,Bug,Grass,1,Medium Fast,60,95,80,60,80,30,405,5120,70,75
48,Venonat,Insect,Bug,Poison,1,Medium Fast,60,55,50,40,55,45,305,5120,70,190
49,Venomoth,Poison,Bug,Poison,1,Medium Fast,70,65,60,90,75,90,450,5120,70,75
50,Diglett,Mole,Ground,Ground,1,Medium Fast,10,55,30,35,45,90,265,5120,70,255
51,Dugtrio,Mole,Ground,Ground,1,Medium Fast,35,100,60,50,70,110,425,5120,70,50
52,Meowth,Scratch,Normal,Dark,1,Medium Fast,40,35,35,50,40,90,290,5120,70,255
53,Persian,Classy,Normal,Dark,1,Medium Fast,65,60,60,75,65,115,440,5120,70,90
54,Psyduck,Duck,Water,,1,Medium Fast,50,52,48,65,50,55,320,5120,70,190
55,Golduck,Duck,Water,,1,Medium Fast,80,82,78,95,80,85,500,5120,70,75
56,Mankey,Pig,Fighting,,1,Medium Fast,40,80,35,35,45,70,305,5120,70,190
57,Primeape,Pig,Fighting,,1,Medium Fast,65,105,60,60,70,95,455,5120,70,75
58,Growlithe,Puppy,Fire,,1,Slow,55,70,45,70,50,60,350,5120,70,190
59,Arcanine,Legendary,Fire,,1,Slow,90,110,80,100,80,95,555,5120,70,75
60,Poliwag,Tadpole,Water,,1,Medium Slow,40,50,40,40,40,90,300,5120,70,255
61,Poliwhirl,Tadpole,Water,,1,Medium Slow,65,65,65,50,50,90,385,5120,70,120
62,Poliwrath,Tadpole,Water,Fighting,1,Medium Slow,90,95,95,70,90,70,510,5120,70,45
63,Abra,Psi,Psychic,,1,Medium Slow,25,20,15,105,55,90,310,5120,70,200
64,Kadabra,Psi,Psychic,,1,Medium Slow,40,35,30,120,70,105,400,5120,70,100
65,Alakazam,Psi,Psychic,,1,Medium Slow,55,50,65,175,105,150,600,5120,70,50
66,Machop,Superpower,Fighting,,1,Medium Slow,70,80,50,35,35,35,305,5120,70,180
67,Machoke,Superpower,Fighting,,1,Medium Slow,80,100,70,50,60,45,405,5120,70,90
68,Machamp,Superpower,Fighting,,1,Medium Slow,90,130,80,65,85,55,505,5120,70,45
69,Bellsprout,Flower,Grass,Poison,1,Medium Slow,50,75,35,70,30,40,300,5120,70,255
70,Weepinbell,Flycatcher,Grass,Poison,1,Medium Slow,65,90,50,85,45,55,390,5120,70,120
71,Victreebel,Flycatcher,Grass,Poison,1,Medium Slow,80,105,65,100,70,70,490,5120,70,45
72,Tentacool,Jellyfish,Water,Poison,1,Slow,40,40,35,50,100,70,335,5120,70,190
73,Tentacruel,Jellyfish,Water,Poison,1,Slow,80,70,65,80,120,100,515,5120,70,60
74,Geodude,Rock,Rock,Ground,1,Medium Slow,40,80,100,30,30,20,300,3840,70,255
75,Graveler,Rock,Rock,Ground,1,Medium Slow,55,95,115,45,45,35,390,3840,70,120
76,Golem,Megaton,Rock,Ground,1,Medium Slow,80,120,130,55,65,45,495,3840,70,45
77,Ponyta,Fire,Fire,,1,Medium Fast,50,85,55,65,65,90,410,5120,70,190
78,Rapidash,Fire,Fire,,1,Medium Fast,65,100,70,80,80,105,500,5120,70,60
79,Slowpoke,Dopey,Water,Psychic,1,Medium Fast,90,65,65,40,40,15,315,5120,70,190
80,Slowbro,Hermit,Water,Psychic,1,Medium Fast,95,75,180,130,80,30,590,5120,70,75
81,Magnemite,Magnet,Electric,Steel,1,Medium Fast,25,35,70,95,55,45,325,5120,70,190
82,Magneton,Magnet,Electric,Steel,1,Medium Fast,50,60,95,120,70,70,465,5120,70,60
83,Farfetch'd,Wild,Normal,Flying,1,Medium Fast,52,90,55,58,62,60,377,5120,70,45
84,Doduo,Twin,Normal,Flying,1,Medium Fast,35,85,45,35,35,75,310,5120,70,190
85,Dodrio,Triple,Normal,Flying,1,Medium Fast,60,110,70,60,60,110,470,5120,70,45
86,Seel,Sea,Water,,1,Medium Fast,65,45,55,45,70,45,325,5120,70,190
87,Dewgong,Sea,Water,Ice,1,Medium Fast,90,70,80,70,95,70,475,5120,70,75
88,Grimer,Sludge,Poison,Poison,1,Medium Fast,80,80,50,40,50,25,325,5120,70,190
89,Muk,Sludge,Poison,Poison,1,Medium Fast,105,105,75,65,100,50,500,5120,70,75
90,Shellder,Bivalve,Water,,1,Slow,30,65,100,45,25,40,305,5120,70,190
91,Cloyster,Bivalve,Water,Ice,1,Slow,50,95,180,85,45,70,525,5120,70,60
92,Gastly,Gas,Ghost,Poison,1,Medium Slow,30,35,30,100,35,80,310,5120,70,190
93,Haunter,Gas,Ghost,Poison,1,Medium Slow,45,50,45,115,55,95,405,5120,70,90
94,Gengar,Shadow,Ghost,Poison,1,Medium Slow,60,65,80,170,95,130,600,5120,70,45
95,Onix,Rock,Rock,Ground,1,Medium Fast,35,45,160,30,45,70,385,6400,70,45
96,Drowzee,Hypnosis,Psychic,,1,Medium Fast,60,48,45,43,90,42,328,5120,70,190
97,Hypno,Hypnosis,Psychic,,1,Medium Fast,85,73,70,73,115,67,483,5120,70,75
98,Krabby,River,Water,,1,Medium Fast,30,105,90,25,25,50,325,5120,70,225
99,Kingler,Pincer,Water,,1,Medium Fast,55,130,115,50,50,75,475,5120,70,60
100,Voltorb,Ball,Electric,,1,Medium Fast,40,30,50,55,55,100,330,5120,70,190
101,Electrode,Ball,Electric,,1,Medium Fast,60,50,70,80,80,150,490,5120,70,60
102,Exeggcute,Egg,Grass,Psychic,1,Slow,60,40,80,60,45,40,325,5120,70,90
103,Exeggutor,Coconut,Grass,Psychic,1,Slow,95,105,85,125,75,45,530,5120,70,45
104,Cubone,Lonely,Ground,,1,Medium Fast,50,50,95,40,50,35,320,5120,70,190
105,Marowak,Bone,Ground,Fire,1,Medium Fast,60,80,110,50,80,45,425,5120,70,75
106,Hitmonlee,Kicking,Fighting,,1,Medium Fast,50,120,53,35,110,87,455,6400,70,45
107,Hitmonchan,Punching,Fighting,,1,Medium Fast,50,105,79,35,110,76,455,6400,70,45
108,Lickitung,Licking,Normal,,1,Medium Fast,90,55,75,60,75,30,385,5120,70,45
109,Koffing,Poison,Poison,,1,Medium Fast,40,65,95,60,45,35,340,5120,70,190
110,Weezing,Poison,Poison,,1,Medium Fast,65,90,120,85,70,60,490,5120,70,60
111,Rhyhorn,Spikes,Ground,Rock,1,Slow,80,85,95,30,30,25,345,5120,70,120
112,Rhydon,Drill,Ground,Rock,1,Slow,105,130,120,45,45,40,485,5120,70,60
113,Chansey,Egg,Normal,,1,Fast,250,5,5,35,105,50,450,10240,140,30
114,Tangela,Vine,Grass,,1,Medium Fast,65,55,115,100,40,60,435,5120,70,45
115,Kangaskhan,Parent,Normal,,1,Medium Fast,105,125,100,60,100,100,590,5120,70,45
116,Horsea,Dragon,Water,,1,Medium Fast,30,40,70,70,25,60,295,5120,70,225
117,Seadra,Dragon,Water,,1,Medium Fast,55,65,95,95,45,85,440,5120,70,75
118,Goldeen,Goldfish,Water,,1,Medium Fast,45,67,60,35,50,63,320,5120,70,225
119,Seaking,Goldfish,Water,,1,Medium Fast,80,92,65,65,80,68,450,5120,70,60
120,Staryu,Starshape,Water,,1,Slow,30,45,55,70,55,85,340,5120,70,225
121,Starmie,Mysterious,Water,Psychic,1,Slow,60,75,85,100,85,115,520,5120,70,60
122,Mr. Mime,Barrier,Psychic,Fairy,1,Medium Fast,40,45,65,100,120,90,460,6400,70,45
123,Scyther,Mantis,Bug,Flying,1,Medium Fast,70,110,80,55,80,105,500,6400,70,45
124,Jynx,Humanshape,Ice,Psychic,1,Medium Fast,65,50,35,115,95,95,455,6400,70,45
125,Electabuzz,Electric,Electric,,1,Medium Fast,65,83,57,95,85,105,490,6400,70,45
126,Magmar,Spitfire,Fire,,1,Medium Fast,65,95,57,100,85,93,495,6400,70,45
127,Pinsir,Stagbeetle,Bug,,1,Slow,65,155,120,65,90,105,600,6400,70,45
128,Tauros,Wild,Normal,,1,Slow,75,100,95,40,70,110,490,5120,70,45
129,Magikarp,Fish,Water,,1,Slow,20,10,55,15,20,80,200,1280,70,255
130,Gyarados,Atrocious,Water,Flying,1,Slow,95,155,109,70,130,81,640,1280,70,45
131,Lapras,Transport,Water,Ice,1,Slow,130,85,80,85,95,60,535,10240,70,45
132,Ditto,Transform,Normal,,1,Medium Fast,48,48,48,48,48,48,288,5120,70,35
133,Eevee,Evolution,Normal,,1,Medium Fast,55,55,50,45,65,55,325,8960,70,45
134,Vaporeon,Bubble,Water,,1,Medium Fast,130,65,60,110,95,65,525,8960,70,45
135,Jolteon,Lightning,Electric,,1,Medium Fast,65,65,60,110,95,130,525,8960,70,45
136,Flareon,Flame,Fire,,1,Medium Fast,65,130,60,95,110,65,525,8960,70,45
137,Porygon,Virtual,Normal,,1,Medium Fast,65,60,70,85,75,40,395,5120,70,45
138,Omanyte,Spiral,Rock,Water,1,Medium Fast,35,40,100,90,55,35,355,7680,70,45
139,Omastar,Spiral,Rock,Water,1,Medium Fast,70,60,125,115,70,55,495,7680,70,45
140,Kabuto,Shellfish,Rock,Water,1,Medium Fast,30,80,90,55,45,55,355,7680,70,45
141,Kabutops,Shellfish,Rock,Water,1,Medium Fast,60,115,105,65,70,80,495,7680,70,45
142,Aerodactyl,Fossil,Rock,Flying,1,Slow,80,135,85,70,95,150,615,8960,70,45
143,Snorlax,Sleeping,Normal,,1,Slow,160,110,65,65,110,30,540,10240,70,25
144,Articuno,Freeze,Ice,Flying,1,Slow,90,85,100,95,125,85,580,20480,35,3
145,Zapdos,Electric,Electric,Flying,1,Slow,90,90,85,125,90,100,580,20480,35,3
146,Moltres,Flame,Fire,Flying,1,Slow,90,100,90,125,85,90,580,20480,35,3
147,Dratini,Dragon,Dragon,,1,Slow,41,64,45,50,50,50,300,10240,35,45
148,Dragonair,Dragon,Dragon,,1,Slow,61,84,65,70,70,70,420,10240,35,45
149,Dragonite,Dragon,Dragon,Flying,1,Slow,91,134,95,100,100,80,600,10240,35,45
150,Mewtwo,Genetic,Psychic,,1,Slow,106,150,70,194,120,140,780,30720,0,3
151,Mew,New,Psychic,,1,Medium Slow,100,100,100,100,100,100,600,30720,100,45
152,Chikorita,Leaf,Grass,,2,Medium Slow,45,49,65,49,65,45,318,5120,70,45
153,Bayleef,Leaf,Grass,,2,Medium Slow,60,62,80,63,80,60,405,5120,70,45
154,Meganium,Herb,Grass,,2,Medium Slow,80,82,100,83,100,80,525,5120,70,45
155,Cyndaquil,Fire,Fire,,2,Medium Slow,39,52,43,60,50,65,309,5120,70,45
156,Quilava,Volcano,Fire,,2,Medium Slow,58,64,58,80,65,80,405,5120,70,45
157,Typhlosion,Volcano,Fire,,2,Medium Slow,78,84,78,109,85,100,534,5120,70,45
158,Totodile,Big,Water,,2,Medium Slow,50,65,64,44,48,43,314,5120,70,45
159,Croconaw,Big,Water,,2,Medium Slow,65,80,80,59,63,58,405,5120,70,45
160,Feraligatr,Big,Water,,2,Medium Slow,85,105,100,79,83,78,530,5120,70,45
161,Sentret,Scout,Normal,,2,Medium Fast,35,46,34,35,45,20,215,3840,70,255
162,Furret,Long,Normal,,2,Medium Fast,85,76,64,45,55,90,415,3840,70,90
163,Hoothoot,Owl,Normal,Flying,2,Medium Fast,60,30,30,36,56,50,262,3840,70,255
164,Noctowl,Owl,Normal,Flying,2,Medium Fast,100,50,50,86,96,70,452,3840,70,90
165,Ledyba,Five,Bug,Flying,2,Fast,40,20,30,40,80,55,265,3840,70,255
166,Ledian,Five,Bug,Flying,2,Fast,55,35,50,55,110,85,390,3840,70,90
167,Spinarak,String,Bug,Poison,2,Fast,40,60,40,40,40,30,250,3840,70,255
168,Ariados,Long,Bug,Poison,2,Fast,70,90,70,60,70,40,400,3840,70,90
169,Crobat,Bat,Poison,Flying,2,Medium Fast,85,90,80,70,80,130,535,3840,70,90
170,Chinchou,Angler,Water,Electric,2,Slow,75,38,38,56,56,67,330,5120,70,190
171,Lanturn,Light,Water,Electric,2,Slow,125,58,58,76,76,67,460,5120,70,75
172,Pichu,Tiny,Electric,,2,Medium Fast,20,40,15,35,35,60,205,2560,70,190
173,Cleffa,Star,Fairy,,2,Fast,50,25,28,45,55,15,218,2560,140,150
174,Igglybuff,Balloon,Normal,Fairy,2,Fast,90,30,15,40,20,15,210,2560,70,170
175,Togepi,Spike,Fairy,,2,Fast,35,20,65,40,65,20,245,2560,70,190
176,Togetic,Happiness,Fairy,Flying,2,Fast,55,40,85,80,105,40,405,2560,70,75
177,Natu,Little,Psychic,Flying,2,Medium Fast,40,50,45,70,45,70,320,5120,70,190
178,Xatu,Mystic,Psychic,Flying,2,Medium Fast,65,75,70,95,70,95,470,5120,70,75
179,Mareep,Wool,Electric,,2,Medium Slow,55,40,40,65,45,35,280,5120,70,235
180,Flaaffy,Wool,Electric,,2,Medium Slow,70,55,55,80,60,45,365,5120,70,120
181,Ampharos,Light,Electric,,2,Medium Slow,90,95,105,165,110,45,610,5120,70,45
182,Bellossom,Flower,Grass,,2,Medium Slow,75,80,95,90,100,50,490,5120,70,45
183,Marill,Aquamouse,Water,Fairy,2,Fast,70,20,50,20,50,40,250,2560,70,190
184,Azumarill,Aquarabbit,Water,Fairy,2,Fast,100,50,80,60,80,50,420,2560,70,75
185,Sudowoodo,Imitation,Rock,,2,Medium Fast,70,100,115,30,65,30,410,5120,70,65
186,Politoed,Frog,Water,,2,Medium Slow,90,75,75,90,100,70,500,5120,70,45
187,Hoppip,Cottonweed,Grass,Flying,2,Medium Slow,35,35,40,35,55,50,250,5120,70,255
188,Skiploom,Cottonweed,Grass,Flying,2,Medium Slow,55,45,50,45,65,80,340,5120,70,120
189,Jumpluff,Cottonweed,Grass,Flying,2,Medium Slow,75,55,70,55,95,110,460,5120,70,45
190,Aipom,Long,Normal,,2,Fast,55,70,55,40,55,85,360,5120,70,45
191,Sunkern,Seed,Grass,,2,Medium Slow,30,30,30,30,30,30,180,5120,70,235
192,Sunflora,Sun,Grass,,2,Medium Slow,75,75,55,105,85,30,425,5120,70,120
193,Yanma,Clear,Bug,Flying,2,Medium Fast,65,65,45,75,45,95,390,5120,70,75
194,Wooper,Water,Water,Ground,2,Medium Fast,55,45,45,25,25,15,210,5120,70,255
195,Quagsire,Water,Water,Ground,2,Medium Fast,95,85,85,65,65,35,430,5120,70,90
196,Espeon,Sun,Psychic,,2,Medium Fast,65,65,60,130,95,110,525,8960,70,45
197,Umbreon,Moonlight,Dark,,2,Medium Fast,95,65,110,60,130,65,525,8960,35,45
198,Murkrow,Darkness,Dark,Flying,2,Medium Slow,60,85,42,85,42,91,405,5120,35,30
199,Slowking,Royal,Water,Psychic,2,Medium Fast,95,75,80,100,110,30,490,5120,70,70
200,Misdreavus,Screech,Ghost,,2,Fast,60,60,60,85,85,85,435,6400,35,45
201,Unown,Symbol,Psychic,,2,Medium Fast,48,72,48,72,48,48,336,10240,70,225
202,Wobbuffet,Patient,Psychic,,2,Medium Fast,190,33,58,33,58,33,405,5120,70,45
203,Girafarig,Long,Normal,Psychic,2,Medium Fast,70,80,65,90,65,85,455,5120,70,60
204,Pineco,Bagworm,Bug,,2,Medium Fast,50,65,90,35,35,15,290,5120,70,190
205,Forretress,Bagworm,Bug,Steel,2,Medium Fast,75,90,140,60,60,40,465,5120,70,75
206,Dunsparce,Land,Normal,,2,Medium Fast,100,70,70,65,65,45,415,5120,70,190
207,Gligar,Flyscorpion,Ground,Flying,2,Medium Slow,65,75,105,35,65,85,430,5120,70,60
208,Steelix,Iron,Steel,Ground,2,Medium Fast,75,125,230,55,95,30,610,6400,70,25
209,Snubbull,Fairy,Fairy,,2,Fast,60,80,50,40,40,30,300,5120,70,190
210,Granbull,Fairy,Fairy,,2,Fast,90,120,75,60,60,45,450,5120,70,75
211,Qwilfish,Balloon,Water,Poison,2,Medium Fast,65,95,85,55,55,85,440,5120,70,45
212,Scizor,Pincer,Bug,Steel,2,Medium Fast,70,150,140,65,100,75,600,6400,70,25
213,Shuckle,Mold,Bug,Rock,2,Medium Slow,20,10,230,10,230,5,505,5120,70,190
214,Heracross,Singlehorn,Bug,Fighting,2,Slow,80,185,115,40,105,75,600,6400,70,45
215,Sneasel,Sharp,Dark,Ice,2,Medium Slow,55,95,55,35,75,115,430,5120,35,60
216,Teddiursa,Little,Normal,,2,Medium Fast,60,80,50,50,50,40,330,5120,70,120
217,Ursaring,Hibernator,Normal,,2,Medium Fast,90,130,75,75,75,55,500,5120,70,60
218,Slugma,Lava,Fire,,2,Medium Fast,40,40,40,70,40,20,250,5120,70,190
219,Magcargo,Lava,Fire,Rock,2,Medium Fast,60,50,120,90,80,30,430,5120,70,75
220,Swinub,Pig,Ice,Ground,2,Slow,50,50,40,30,30,50,250,5120,70,225
221,Piloswine,Swine,Ice,Ground,2,Slow,100,100,80,60,60,50,450,5120,70,75
222,Corsola,Coral,Water,Rock,2,Fast,65,55,95,65,95,35,410,5120,70,60
223,Remoraid,Jet,Water,,2,Medium Fast,35,65,35,65,35,65,300,5120,70,190
224,Octillery,Jet,Water,,2,Medium Fast,75,105,75,105,75,45,480,5120,70,75
225,Delibird,Delivery,Ice,Flying,2,Fast,45,55,45,65,45,75,330,5120,70,45
226,Mantine,Kite,Water,Flying,2,Slow,85,40,70,80,140,70,485,6400,70,25
227,Skarmory,Armor,Steel,Flying,2,Slow,65,80,140,40,70,70,465,6400,70,25
228,Houndour,Dark,Dark,Fire,2,Slow,45,60,30,80,50,65,330,5120,35,120
229,Houndoom,Dark,Dark,Fire,2,Slow,75,90,90,140,90,115,600,5120,35,45
230,Kingdra,Dragon,Water,Dragon,2,Medium Fast,75,95,95,95,95,85,540,5120,70,45
231,Phanpy,Long,Ground,,2,Medium Fast,90,60,60,40,40,40,330,5120,70,120
232,Donphan,Armor,Ground,,2,Medium Fast,90,120,120,60,60,50,500,5120,70,60
233,Porygon2,Virtual,Normal,,2,Medium Fast,85,80,90,105,95,60,515,5120,70,45
234,Stantler,Big,Normal,,2,Slow,73,95,62,85,65,85,465,5120,70,45
235,Smeargle,Painter,Normal,,2,Fast,55,20,35,20,45,75,250,5120,70,45
236,Tyrogue,Scuffle,Fighting,,2,Medium Fast,35,35,35,35,35,35,210,6400,70,75
237,Hitmontop,Handstand,Fighting,,2,Medium Fast,50,95,95,35,110,70,455,6400,70,45
238,Smoochum,Kiss,Ice,Psychic,2,Medium Fast,45,30,15,85,65,65,305,6400,70,45
239,Elekid,Electric,Electric,,2,Medium Fast,45,63,37,65,55,95,360,6400,70,45
240,Magby,Live,Fire,,2,Medium Fast,45,75,37,70,55,83,365,6400,70,45
241,Miltank,Milk,Normal,,2,Slow,95,80,105,40,70,100,490,5120,70,45
242,Blissey,Happiness,Normal,,2,Fast,255,10,10,75,135,55,540,10240,140,30
243,Raikou,Thunder,Electric,,2,Slow,90,85,75,115,100,115,580,20480,35,3
244,Entei,Volcano,Fire,,2,Slow,115,115,85,90,75,100,580,20480,35,3
245,Suicune,Aurora,Water,,2,Slow,100,75,115,90,115,85,580,20480,35,3
246,Larvitar,Rock,Rock,Ground,2,Slow,50,64,50,45,50,41,300,10240,35,45
247,Pupitar,Hard,Rock,Ground,2,Slow,70,84,70,65,70,51,410,10240,35,45
248,Tyranitar,Armor,Rock,Dark,2,Slow,100,164,150,95,120,71,700,10240,35,45
249,Lugia,Diving,Psychic,Flying,2,Slow,106,90,130,90,154,110,680,30720,0,3
250,Ho-Oh,Rainbow,Fire,Flying,2,Slow,106,130,90,110,154,90,680,30720,0,3
251,Celebi,Time,Psychic,Grass,2,Medium Slow,100,100,100,100,100,100,600,30720,100,45
252,Treecko,Wood,Grass,,3,Medium Slow,40,45,35,65,55,70,310,5120,70,45
253,Grovyle,Wood,Grass,,3,Medium Slow,50,65,45,85,65,95,405,5120,70,45
254,Sceptile,Forest,Grass,,3,Medium Slow,70,110,75,145,85,145,630,5120,70,45
255,Torchic,Chick,Fire,,3,Medium Slow,45,60,40,70,50,45,310,5120,70,45
256,Combusken,Young,Fire,Fighting,3,Medium Slow,60,85,60,85,60,55,405,5120,70,45
257,Blaziken,Blaze,Fire,Fighting,3,Medium Slow,80,160,80,130,80,100,630,5120,70,45
258,Mudkip,Mud,Water,,3,Medium Slow,50,70,50,50,50,40,310,5120,70,45
259,Marshtomp,Mud,Water,Ground,3,Medium Slow,70,85,70,60,70,50,405,5120,70,45
260,Swampert,Mud,Water,Ground,3,Medium Slow,100,150,110,95,110,70,635,5120,70,45
261,Poochyena,Bite,Dark,,3,Medium Fast,35,55,35,30,30,35,220,3840,70,255
262,Mightyena,Bite,Dark,,3,Medium Fast,70,90,70,60,60,70,420,3840,70,127
263,Zigzagoon,Tiny,Normal,,3,Medium Fast,38,30,41,30,41,60,240,3840,70,255
264,Linoone,Rush,Normal,,3,Medium Fast,78,70,61,50,61,100,420,3840,70,90
265,Wurmple,Worm,Bug,,3,Medium Fast,45,45,35,20,30,20,195,3840,70,255
266,Silcoon,Cocoon,Bug,,3,Medium Fast,50,35,55,25,25,15,205,3840,70,120
267,Beautifly,Butterfly,Bug,Flying,3,Medium Fast,60,70,50,100,50,65,395,3840,70,45
268,Cascoon,Cocoon,Bug,,3,Medium Fast,50,35,55,25,25,15,205,3840,70,120
269,Dustox,Poison,Bug,Poison,3,Medium Fast,60,50,70,50,90,65,385,3840,70,45
270,Lotad,Water,Water,Grass,3,Medium Slow,40,30,30,40,50,30,220,3840,70,255
271,Lombre,Jolly,Water,Grass,3,Medium Slow,60,50,50,60,70,50,340,3840,70,120
272,Ludicolo,Carefree,Water,Grass,3,Medium Slow,80,70,70,90,100,70,480,3840,70,45
273,Seedot,Acorn,Grass,,3,Medium Slow,40,40,50,30,30,30,220,3840,70,255
274,Nuzleaf,Wily,Grass,Dark,3,Medium Slow,70,70,40,60,40,60,340,3840,70,120
275,Shiftry,Wickid,Grass,Dark,3,Medium Slow,90,100,60,90,60,80,480,3840,70,45
276,Taillow,TinySwallow,Normal,Flying,3,Medium Slow,40,55,30,30,30,85,270,3840,70,200
277,Swellow,Swallow,Normal,Flying,3,Medium Slow,60,85,60,75,50,125,455,3840,70,45
278,Wingull,Seagull,Water,Flying,3,Medium Fast,40,30,30,55,30,85,270,5120,70,190
279,Pelipper,Water,Water,Flying,3,Medium Fast,60,50,100,95,70,65,440,5120,70,45
280,Ralts,Feeling,Psychic,Fairy,3,Slow,28,25,25,45,35,40,198,5120,35,235
281,Kirlia,Emotion,Psychic,Fairy,3,Slow,38,35,35,65,55,50,278,5120,35,120
282,Gardevoir,Embrace,Psychic,Fairy,3,Slow,68,85,65,165,135,100,618,5120,35,45
283,Surskit,Pond,Bug,Water,3,Medium Fast,40,30,32,50,52,65,269,3840,70,200
284,Masquerain,Eyeball,Bug,Flying,3,Medium Fast,70,60,62,100,82,80,454,3840,70,75
285,Shroomish,Mushroom,Grass,,3,Fluctuating,60,40,60,40,60,35,295,3840,70,255
286,Breloom,Mushroom,Grass,Fighting,3,Fluctuating,60,130,80,60,60,70,460,3840,70,90
287,Slakoth,Slacker,Normal,,3,Slow,60,60,60,35,35,30,280,3840,70,255
288,Vigoroth,Wild,Normal,,3,Slow,80,80,80,55,55,90,440,3840,70,120
289,Slaking,Lazy,Normal,,3,Slow,150,160,100,95,65,100,670,3840,70,45
290,Nincada,Trainee,Bug,Ground,3,Erratic,31,45,90,30,30,40,266,3840,70,255
291,Ninjask,Ninja,Bug,Flying,3,Erratic,61,90,45,50,50,160,456,3840,70,120
292,Shedinja,Shed,Bug,Ghost,3,Erratic,1,90,45,30,30,40,236,3840,70,45
293,Whismur,Whisper,Normal,,3,Medium Slow,64,51,23,51,23,28,240,5120,70,190
294,Loudred,Big,Normal,,3,Medium Slow,84,71,43,71,43,48,360,5120,70,120
295,Exploud,Loud,Normal,,3,Medium Slow,104,91,63,91,73,68,490,5120,70,45
296,Makuhita,Guts,Fighting,,3,Fluctuating,72,60,30,20,30,25,237,5120,70,180
297,Hariyama,Arm,Fighting,,3,Fluctuating,144,120,60,40,60,50,474,5120,70,200
298,Azurill,Polka,Normal,Fairy,3,Fast,50,20,40,20,40,20,190,2560,70,150
299,Nosepass,Compass,Rock,,3,Medium Fast,30,45,135,45,90,30,375,5120,70,255
300,Skitty,Kitten,Normal,,3,Fast,50,45,45,35,35,50,260,3840,70,255
301,Delcatty,Prim,Normal,,3,Fast,70,65,65,55,55,90,400,3840,70,60
302,Sableye,Darkness,Dark,Ghost,3,Medium Slow,50,85,125,85,115,20,480,6400,35,45
303,Mawile,Deceiver,Steel,Fairy,3,Fast,50,105,125,55,95,50,480,5120,70,45
304,Aron,Iron,Steel,Rock,3,Slow,50,70,100,40,40,30,330,8960,35,180
305,Lairon,Iron,Steel,Rock,3,Slow,60,90,140,50,50,40,430,8960,35,90
306,Aggron,Iron,Steel,Rock,3,Slow,70,140,230,60,80,50,630,8960,35,45
307,Meditite,Meditate,Fighting,Psychic,3,Medium Fast,30,40,55,40,55,60,280,5120,70,180
308,Medicham,Meditate,Fighting,Psychic,3,Medium Fast,60,100,85,80,85,100,510,5120,70,90
309,Electrike,Lightning,Electric,,3,Slow,40,45,40,65,40,65,295,5120,70,120
310,Manectric,Discharge,Electric,,3,Slow,70,75,80,135,80,135,575,5120,70,45
311,Plusle,Cheering,Electric,,3,Medium Fast,60,50,40,85,75,95,405,5120,70,200
312,Minun,Cheering,Electric,,3,Medium Fast,60,40,50,75,85,95,405,5120,70,200
313,Volbeat,Firefly,Bug,,3,Erratic,65,73,75,47,85,85,430,3840,70,150
314,Illumise,Firefly,Bug,,3,Fluctuating,65,47,75,73,85,85,430,3840,70,150
315,Roselia,Thorn,Grass,Poison,3,Medium Slow,50,60,45,100,80,65,400,5120,70,150
316,Gulpin,Stomach,Poison,,3,Fluctuating,70,43,53,43,53,40,302,5120,70,225
317,Swalot,Poison,Poison,,3,Fluctuating,100,73,83,73,83,55,467,5120,70,75
318,Carvanha,Savage,Water,Dark,3,Slow,45,90,20,65,20,65,305,5120,35,225
319,Sharpedo,Brutal,Water,Dark,3,Slow,70,140,70,110,65,105,560,5120,35,60
320,Wailmer,Ball,Water,,3,Fluctuating,130,70,35,70,35,60,400,10240,70,125
321,Wailord,Float,Water,,3,Fluctuating,170,90,45,90,45,60,500,10240,70,60
322,Numel,Numb,Fire,Ground,3,Medium Fast,60,60,40,65,45,35,305,5120,70,255
323,Camerupt,Eruption,Fire,Ground,3,Medium Fast,70,120,100,145,105,20,560,5120,70,150
324,Torkoal,Coal,Fire,,3,Medium Fast,70,85,140,85,70,20,470,5120,70,90
325,Spoink,Bounce,Psychic,,3,Fast,60,25,35,70,80,60,330,5120,70,255
326,Grumpig,Manipulate,Psychic,,3,Fast,80,45,65,90,110,80,470,5120,70,60
327,Spinda,Spot,Normal,,3,Fast,60,60,60,60,60,60,360,3840,70,255
328,Trapinch,Ant,Ground,,3,Medium Slow,45,100,45,45,45,10,290,5120,70,255
329,Vibrava,Vibration,Ground,Dragon,3,Medium Slow,50,70,50,50,50,70,340,5120,70,120
330,Flygon,Mystic,Ground,Dragon,3,Medium Slow,80,100,80,80,80,100,520,5120,70,45
331,Cacnea,Cactus,Grass,,3,Medium Slow,50,85,40,85,40,35,335,5120,35,190
332,Cacturne,Scarecrow,Grass,Dark,3,Medium Slow,70,115,60,115,60,55,475,5120,35,60
333,Swablu,Cotton,Normal,Flying,3,Erratic,45,40,60,40,75,50,310,5120,70,255
334,Altaria,Humming,Dragon,Flying,3,Erratic,75,110,110,110,105,80,590,5120,70,45
335,Zangoose,Cat,Normal,,3,Erratic,73,115,60,60,60,90,458,5120,70,90
336,Seviper,Fang,Poison,,3,Fluctuating,73,100,60,100,60,65,458,5120,70,90
337,Lunatone,Meteorite,Rock,Psychic,3,Fast,90,55,65,95,85,70,460,6400,70,45
338,Solrock,Meteorite,Rock,Psychic,3,Fast,90,95,85,55,65,70,460,6400,70,45
339,Barboach,Whiskers,Water,Ground,3,Medium Fast,50,48,43,46,41,60,288,5120,70,190
340,Whiscash,Whiskers,Water,Ground,3,Medium Fast,110,78,73,76,71,60,468,5120,70,75
341,Corphish,Ruffian,Water,,3,Fluctuating,43,80,65,50,35,35,308,3840,70,205
342,Crawdaunt,Rogue,Water,Dark,3,Fluctuating,63,120,85,90,55,55,468,3840,70,155
343,Baltoy,Clay,Ground,Psychic,3,Medium Fast,40,40,55,40,70,55,300,5120,70,255
344,Claydol,Clay,Ground,Psychic,3,Medium Fast,60,70,105,70,120,75,500,5120,70,90
345,Lileep,Sea,Rock,Grass,3,Erratic,66,41,77,61,87,23,355,7680,70,45
346,Cradily,Barnacle,Rock,Grass,3,Erratic,86,81,97,81,107,43,495,7680,70,45
347,Anorith,Old,Rock,Bug,3,Erratic,45,95,50,40,50,75,355,7680,70,45
348,Armaldo,Plate,Rock,Bug,3,Erratic,75,125,100,70,80,45,495,7680,70,45
349,Feebas,Fish,Water,,3,Erratic,20,15,20,10,55,80,200,5120,70,255
350,Milotic,Tender,Water,,3,Erratic,95,60,79,100,125,81,540,5120,70,60
351,Castform,Weather,Normal,,3,Medium Fast,70,70,70,70,70,70,420,6400,70,45
352,Kecleon,Color,Normal,,3,Medium Slow,60,90,70,60,120,40,440,5120,70,200
353,Shuppet,Puppet,Ghost,,3,Fast,44,75,35,63,33,45,295,6400,35,225
354,Banette,Marionette,Ghost,,3,Fast,64,165,75,93,83,75,555,6400,35,45
355,Duskull,Requiem,Ghost,,3,Fast,20,40,90,30,90,25,295,6400,35,190
356,Dusclops,Beckon,Ghost,,3,Fast,40,70,130,60,130,25,455,6400,35,90
357,Tropius,Fruit,Grass,Flying,3,Slow,99,68,83,72,87,51,460,6400,70,200
358,Chimecho,Wind,Psychic,,3,Fast,75,50,80,95,90,65,455,6400,70,45
359,Absol,Disaster,Dark,,3,Medium Slow,65,150,60,115,60,115,565,6400,35,30
360,Wynaut,Bright,Psychic,,3,Medium Fast,95,23,48,23,48,23,260,5120,70,125
361,Snorunt,Snow,Ice,,3,Medium Fast,50,50,50,50,50,50,300,5120,70,190
362,Glalie,Face,Ice,,3,Medium Fast,80,120,80,120,80,100,580,5120,70,75
363,Spheal,Clap,Ice,Water,3,Medium Slow,70,40,50,55,50,25,290,5120,70,255
364,Sealeo,Ball,Ice,Water,3,Medium Slow,90,60,70,75,70,45,410,5120,70,120
365,Walrein,Ice,Ice,Water,3,Medium Slow,110,80,90,95,90,65,530,5120,70,45
366,Clamperl,Bivalve,Water,,3,Erratic,35,64,85,74,55,32,345,5120,70,255
367,Huntail,Deep,Water,,3,Erratic,55,104,105,94,75,52,485,5120,70,60
368,Gorebyss,South,Water,,3,Erratic,55,84,105,114,75,52,485,5120,70,60
369,Relicanth,Longevity,Water,Rock,3,Slow,100,90,130,45,65,55,485,10240,70,25
370,Luvdisc,Rendezvous,Water,,3,Fast,43,30,55,40,65,97,330,5120,70,225
371,Bagon,Rock,Dragon,,3,Slow,45,75,60,40,30,50,300,10240,35,45
372,Shelgon,Endurance,Dragon,,3,Slow,65,95,100,60,50,50,420,10240,35,45
373,Salamence,Dragon,Dragon,Flying,3,Slow,95,145,130,120,90,120,700,10240,35,45
374,Beldum,Iron,Steel,Psychic,3,Slow,40,55,80,35,60,30,300,10240,35,3
375,Metang,Iron,Steel,Psychic,3,Slow,60,75,100,55,80,50,420,10240,35,3
376,Metagross,Iron,Steel,Psychic,3,Slow,80,145,150,105,110,110,700,10240,35,3
377,Regirock,Rock,Rock,,3,Slow,80,100,200,50,100,50,580,20480,35,3
378,Regice,Iceberg,Ice,,3,Slow,80,50,100,100,200,50,580,20480,35,3
379,Registeel,Iron,Steel,,3,Slow,80,75,150,75,150,50,580,20480,35,3
380,Latias,Eon,Dragon,Psychic,3,Slow,80,100,120,140,150,110,700,30720,90,3
381,Latios,Eon,Dragon,Psychic,3,Slow,80,130,100,160,120,110,700,30720,90,3
382,Kyogre,Sea,Water,,3,Slow,100,150,90,180,160,90,770,30720,0,3
383,Groudon,Continent,Ground,,3,Slow,100,180,160,150,90,90,770,30720,0,3
384,Rayquaza,Sky,Dragon,Flying,3,Slow,105,180,100,180,100,115,780,30720,0,45
385,Jirachi,Wish,Steel,Psychic,3,Slow,100,100,100,100,100,100,600,30720,100,3
386,Deoxys,DNA,Psychic,,3,Slow,50,95,90,95,90,180,600,30720,0,3
387,Turtwig,Tiny,Grass,,4,Medium Slow,55,68,64,45,55,31,318,5120,70,45
388,Grotle,Grove,Grass,,4,Medium Slow,75,89,85,55,65,36,405,5120,70,45
389,Torterra,Continent,Grass,Ground,4,Medium Slow,95,109,105,75,85,56,525,5120,70,45
390,Chimchar,Chimp,Fire,,4,Medium Slow,44,58,44,58,44,61,309,5120,70,45
391,Monferno,Playful,Fire,Fighting,4,Medium Slow,64,78,52,78,52,81,405,5120,70,45
392,Infernape,Flame,Fire,Fighting,4,Medium Slow,76,104,71,104,71,108,534,5120,70,45
393,Piplup,Penguin,Water,,4,Medium Slow,53,51,53,61,56,40,314,5120,70,45
394,Prinplup,Penguin,Water,,4,Medium Slow,64,66,68,81,76,50,405,5120,70,45
395,Empoleon,Emperor,Water,Steel,4,Medium Slow,84,86,88,111,101,60,530,5120,70,45
396,Starly,Starling,Normal,Flying,4,Medium Slow,40,55,30,30,30,60,245,3840,70,255
397,Staravia,Starling,Normal,Flying,4,Medium Slow,55,75,50,40,40,80,340,3840,70,120
398,Staraptor,Predator,Normal,Flying,4,Medium Slow,85,120,70,50,60,100,485,3840,70,45
399,Bidoof,Plump,Normal,,4,Medium Fast,59,45,40,35,40,31,250,3840,70,255
400,Bibarel,Beaver,Normal,Water,4,Medium Fast,79,85,60,55,60,71,410,3840,70,127
401,Kricketot,Cricket,Bug,,4,Medium Slow,37,25,41,25,41,25,194,3840,70,255
402,Kricketune,Cricket,Bug,,4,Medium Slow,77,85,51,55,51,65,384,3840,70,45
403,Shinx,Flash,Electric,,4,Medium Slow,45,65,34,40,34,45,263,5120,70,235
404,Luxio,Spark,Electric,,4,Medium Slow,60,85,49,60,49,60,363,5120,100,120
405,Luxray,Gleam,Electric,,4,Medium Slow,80,120,79,95,79,70,523,5120,70,45
406,Budew,Bud,Grass,Poison,4,Medium Slow,40,30,35,50,70,55,280,5120,70,255
407,Roserade,Bouquet,Grass,Poison,4,Medium Slow,60,70,65,125,105,90,515,5120,70,75
408,Cranidos,Head,Rock,,4,Erratic,67,125,40,30,30,58,350,7680,70,45
409,Rampardos,Head,Rock,,4,Erratic,97,165,60,65,50,58,495,7680,70,45
410,Shieldon,Shield,Rock,Steel,4,Erratic,30,42,118,42,88,30,350,7680,70,45
411,Bastiodon,Shield,Rock,Steel,4,Erratic,60,52,168,47,138,30,495,7680,70,45
412,Burmy,Bagworm,Bug,,4,Medium Fast,40,29,45,29,45,36,224,3840,70,120
413,Wormadam,Bagworm,Bug,Grass,4,Medium Fast,60,69,95,69,95,36,424,3840,70,45
414,Mothim,Moth,Bug,Flying,4,Medium Fast,70,94,50,94,50,66,424,3840,70,45
415,Combee,Tiny,Bug,Flying,4,Medium Slow,30,30,42,30,42,70,244,3840,70,120
416,Vespiquen,Beehive,Bug,Flying,4,Medium Slow,70,80,102,80,102,40,474,3840,70,45
417,Pachirisu,EleSquirrel,Electric,,4,Medium Fast,60,45,70,45,90,95,405,2560,100,200
418,Buizel,Sea,Water,,4,Medium Fast,55,65,35,60,30,85,330,5120,70,190
419,Floatzel,Sea,Water,,4,Medium Fast,85,105,55,85,50,115,495,5120,70,75
420,Cherubi,Cherry,Grass,,4,Medium Fast,45,35,45,62,53,35,275,5120,70,190
421,Cherrim,Blossom,Grass,,4,Medium Fast,70,60,70,87,78,85,450,5120,70,75
422,Shellos,Sea,Water,,4,Medium Fast,76,48,48,57,62,34,325,5120,70,190
423,Gastrodon,Sea,Water,Ground,4,Medium Fast,111,83,68,92,82,39,475,5120,70,75
424,Ambipom,Long,Normal,,4,Fast,75,100,66,60,66,115,482,5120,100,45
425,Drifloon,Balloon,Ghost,Flying,4,Fluctuating,90,50,34,60,44,70,348,7680,70,125
426,Drifblim,Blimp,Ghost,Flying,4,Fluctuating,150,80,44,90,54,80,498,7680,70,60
427,Buneary,Rabbit,Normal,,4,Medium Fast,55,66,44,44,56,85,350,5120,0,190
428,Lopunny,Rabbit,Normal,,4,Medium Fast,65,136,94,54,96,135,580,5120,140,60
429,Mismagius,Magical,Ghost,,4,Fast,60,60,60,105,105,105,495,6400,35,45
430,Honchkrow,Big,Dark,Flying,4,Medium Slow,100,125,52,105,52,71,505,5120,35,30
431,Glameow,Catty,Normal,,4,Fast,49,55,42,42,37,85,310,5120,70,190
432,Purugly,Tiger,Normal,,4,Fast,71,82,64,64,59,112,452,5120,70,75
433,Chingling,Bell,Psychic,,4,Fast,45,30,50,65,50,45,285,6400,70,120
434,Stunky,Skunk,Poison,Dark,4,Medium Fast,63,63,47,41,41,74,329,5120,70,225
435,Skuntank,Skunk,Poison,Dark,4,Medium Fast,103,93,67,71,61,84,479,5120,70,60
436,Bronzor,Bronze,Steel,Psychic,4,Medium Fast,57,24,86,24,86,23,300,5120,70,255
437,Bronzong,Bronze,Steel,Psychic,4,Medium Fast,67,89,116,79,116,33,500,5120,70,90
438,Bonsly,Bonsai,Rock,,4,Medium Fast,50,80,95,10,45,10,290,5120,70,255
439,Mime Jr.,Mime,Psychic,Fairy,4,Medium Fast,20,25,45,70,90,60,310,6400,70,145
440,Happiny,Playhouse,Normal,,4,Fast,100,5,5,15,65,30,220,10240,140,130
441,Chatot,Music,Normal,Flying,4,Medium Slow,76,65,45,92,42,91,411,5120,35,30
442,Spiritomb,Forbidden,Ghost,Dark,4,Medium Fast,50,92,108,92,108,35,485,7680,70,100
443,Gible,Land,Dragon,Ground,4,Slow,58,70,45,40,45,42,300,10240,70,45
444,Gabite,Cave,Dragon,Ground,4,Slow,68,90,65,50,55,82,410,10240,70,45
445,Garchomp,Mach,Dragon,Ground,4,Slow,108,170,115,120,95,92,700,10240,70,45
446,Munchlax,Big,Normal,,4,Slow,135,85,40,40,85,5,390,10240,70,50
447,Riolu,Emanation,Fighting,,4,Medium Slow,40,70,40,35,40,60,285,6400,70,75
448,Lucario,Aura,Fighting,Steel,4,Medium Slow,70,145,88,140,70,112,625,6400,70,45
449,Hippopotas,Hippo,Ground,,4,Slow,68,72,78,38,42,32,330,7680,70,140
450,Hippowdon,Heavyweight,Ground,,4,Slow,108,112,118,68,72,47,525,7680,70,60
451,Skorupi,Scorpion,Poison,Bug,4,Slow,40,50,90,30,55,65,330,5120,70,120
452,Drapion,Ogre,Poison,Dark,4,Slow,70,90,110,60,75,95,500,5120,70,45
453,Croagunk,Toxic,Poison,Fighting,4,Medium Fast,48,61,40,61,40,50,300,2560,100,140
454,Toxicroak,Toxic,Poison,Fighting,4,Medium Fast,83,106,65,86,65,85,490,5120,70,75
455,Carnivine,Bug,Grass,,4,Slow,74,100,72,90,72,46,454,6400,70,200
456,Finneon,Wing,Water,,4,Erratic,49,49,56,49,61,66,330,5120,70,190
457,Lumineon,Neon,Water,,4,Erratic,69,69,76,69,86,91,460,5120,70,75
458,Mantyke,Kite,Water,Flying,4,Slow,45,20,50,60,120,50,345,6400,70,25
459,Snover,Frosted,Grass,Ice,4,Slow,60,62,50,62,60,40,334,5120,70,120
460,Abomasnow,Frosted,Grass,Ice,4,Slow,90,132,105,132,105,30,594,5120,70,60
461,Weavile,Sharp,Dark,Ice,4,Medium Slow,70,120,65,45,85,125,510,5120,35,45
462,Magnezone,Magnet,Electric,Steel,4,Medium Fast,70,70,115,130,90,60,535,5120,70,30
463,Lickilicky,Licking,Normal,,4,Medium Fast,110,85,95,80,95,50,515,5120,70,30
464,Rhyperior,Drill,Ground,Rock,4,Slow,115,140,130,55,55,40,535,5120,70,30
465,Tangrowth,Vine,Grass,,4,Medium Fast,100,100,125,110,50,50,535,5120,70,30
466,Electivire,Thunderbolt,Electric,,4,Medium Fast,75,123,67,95,85,95,540,6400,70,30
467,Magmortar,Blast,Fire,,4,Medium Fast,75,95,67,125,95,83,540,6400,70,30
468,Togekiss,Jubilee,Fairy,Flying,4,Fast,85,50,95,120,115,80,545,2560,70,30
469,Yanmega,Ogre,Bug,Flying,4,Medium Fast,86,76,86,116,56,95,515,5120,70,30
470,Leafeon,Verdant,Grass,,4,Medium Fast,65,110,130,60,65,95,525,8960,35,45
471,Glaceon,Fresh,Ice,,4,Medium Fast,65,60,110,130,95,65,525,8960,35,45
472,Gliscor,Fang,Ground,Flying,4,Medium Slow,75,95,125,45,75,95,510,5120,70,30
473,Mamoswine,Twin,Ice,Ground,4,Slow,110,130,80,70,60,80,530,5120,70,50
474,Porygon-Z,Virtual,Normal,,4,Medium Fast,85,80,70,135,75,90,535,5120,70,30
475,Gallade,Blade,Psychic,Fighting,4,Slow,68,165,95,65,115,110,618,5120,35,45
476,Probopass,Compass,Rock,Steel,4,Medium Fast,60,55,145,75,150,40,525,5120,70,60
477,Dusknoir,Gripper,Ghost,,4,Fast,45,100,135,65,135,45,525,6400,35,45
478,Froslass,Snow,Ice,Ghost,4,Medium Fast,70,80,70,80,70,110,480,5120,70,75
479,Rotom,Plasma,Electric,Ghost,4,Medium Fast,50,65,107,105,107,86,520,5120,70,45
480,Uxie,Knowledge,Psychic,,4,Slow,75,75,130,75,130,95,580,20480,140,3
481,Mesprit,Emotion,Psychic,,4,Slow,80,105,105,105,105,80,580,20480,140,3
482,Azelf,Willpower,Psychic,,4,Slow,75,125,70,125,70,115,580,20480,140,3
483,Dialga,Temporal,Steel,Dragon,4,Slow,100,120,120,150,100,90,680,30720,0,3
484,Palkia,Spatial,Water,Dragon,4,Slow,90,120,100,150,120,100,680,30720,0,3
485,Heatran,Lava,Fire,Steel,4,Slow,91,90,106,130,106,77,600,2560,100,3
486,Regigigas,Colossal,Normal,,4,Slow,110,160,110,80,110,100,670,30720,0,3
487,Giratina,Renegade,Ghost,Dragon,4,Slow,150,120,100,120,100,90,680,30720,0,3
488,Cresselia,Lunar,Psychic,,4,Slow,120,70,120,75,130,85,600,30720,100,3
489,Phione,Sea,Water,,4,Slow,80,80,80,80,80,80,480,10240,70,30
490,Manaphy,Seafaring,Water,,4,Slow,100,100,100,100,100,100,600,2560,70,3
491,Darkrai,Pitch-Black,Dark,,4,Slow,70,90,90,135,90,125,600,30720,0,3
492,Shaymin,Gratitude,Grass,Grass,4,Medium Slow,100,103,75,120,75,127,600,30720,100,45
493,Arceus,Alpha,Normal,,4,Slow,120,120,120,120,120,120,720,30720,0,3
494,Victini,Victory,Psychic,Fire,5,Slow,100,100,100,100,100,100,600,30720,100,3
495,Snivy,Grass,Grass,,5,Medium Slow,45,45,55,45,55,63,308,5120,70,45
496,Servine,Grass,Grass,,5,Medium Slow,60,60,75,60,75,83,413,5120,70,45
497,Serperior,Regal,Grass,,5,Medium Slow,75,75,95,75,95,113,528,5120,70,45
498,Tepig,Fire,Fire,,5,Medium Slow,65,63,45,45,45,45,308,5120,70,45
499,Pignite,Fire,Fire,Fighting,5,Medium Slow,90,93,55,70,55,55,418,5120,70,45
500,Emboar,Mega,Fire,Fighting,5,Medium Slow,110,123,65,100,65,65,528,5120,70,45
501,Oshawott,Sea,Water,,5,Medium Slow,55,55,45,63,45,45,308,5120,70,45
502,Dewott,Discipline,Water,,5,Medium Slow,75,75,60,83,60,60,413,5120,70,45
503,Samurott,Formidable,Water,,5,Medium Slow,95,100,85,108,70,70,528,5120,70,45
504,Patrat,Scout,Normal,,5,Medium Fast,45,55,39,35,39,42,255,3840,70,255
505,Watchog,Lookout,Normal,,5,Medium Fast,60,85,69,60,69,77,420,5120,70,255
506,Lillipup,Puppy,Normal,,5,Medium Slow,45,60,45,25,45,55,275,3840,70,255
507,Herdier,Loyal,Normal,,5,Medium Slow,65,80,65,35,65,60,370,3840,70,120
508,Stoutland,Big-Hearted,Normal,,5,Medium Slow,85,110,90,45,90,80,500,3840,70,45
509,Purrloin,Devious,Dark,,5,Medium Fast,41,50,37,50,37,66,281,5120,70,255
510,Liepard,Cruel,Dark,,5,Medium Fast,64,88,50,88,50,106,446,5120,70,90
511,Pansage,Grass,Grass,,5,Medium Fast,50,53,48,53,48,64,316,5120,70,190
512,Simisage,Thorn,Grass,,5,Medium Fast,75,98,63,98,63,101,498,5120,70,75
513,Pansear,High,Fire,,5,Medium Fast,50,53,48,53,48,64,316,5120,70,190
514,Simisear,Ember,Fire,,5,Medium Fast,75,98,63,98,63,101,498,5120,70,75
515,Panpour,Spray,Water,,5,Medium Fast,50,53,48,53,48,64,316,5120,70,190
516,Simipour,Geyser,Water,,5,Medium Fast,75,98,63,98,63,101,498,5120,70,75
517,Munna,Dream,Psychic,,5,Fast,76,25,45,67,55,24,292,2560,70,190
518,Musharna,Drowsing,Psychic,,5,Fast,116,55,85,107,95,29,487,2560,70,75
519,Pidove,Tiny,Normal,Flying,5,Medium Slow,50,55,50,36,30,43,264,3840,70,255
520,Tranquill,Wild,Normal,Flying,5,Medium Slow,62,77,62,50,42,65,358,3840,70,120
521,Unfezant,Proud,Normal,Flying,5,Medium Slow,80,115,80,65,55,93,488,3840,70,45
522,Blitzle,Electrified,Electric,,5,Medium Fast,45,60,32,50,32,76,295,5120,70,190
523,Zebstrika,Thunderbolt,Electric,,5,Medium Fast,75,100,63,80,63,116,497,5120,70,75
524,Roggenrola,Mantle,Rock,,5,Medium Slow,55,75,85,25,25,15,280,3840,70,255
525,Boldore,Ore,Rock,,5,Medium Slow,70,105,105,50,40,20,390,3840,70,120
526,Gigalith,Compressed,Rock,,5,Medium Slow,85,135,130,60,80,25,515,3840,70,45
527,Woobat,Bat,Psychic,Flying,5,Medium Fast,65,45,43,55,43,72,323,3840,70,190
528,Swoobat,Courting,Psychic,Flying,5,Medium Fast,67,57,55,77,55,114,425,3840,70,45
529,Drilbur,Mole,Ground,,5,Medium Fast,60,85,40,30,45,68,328,5120,70,120
530,Excadrill,Subterrene,Ground,Steel,5,Medium Fast,110,135,60,50,65,88,508,5120,70,60
531,Audino,Hearing,Normal,,5,Fast,103,60,126,80,126,50,545,5120,70,255
532,Timburr,Muscular,Fighting,,5,Medium Slow,75,80,55,25,35,35,305,5120,70,180
533,Gurdurr,Muscular,Fighting,,5,Medium Slow,85,105,85,40,50,40,405,5120,70,90
534,Conkeldurr,Muscular,Fighting,,5,Medium Slow,105,140,95,55,65,45,505,5120,70,45
535,Tympole,Tadpole,Water,,5,Medium Slow,50,50,40,50,40,64,294,5120,70,255
536,Palpitoad,Vibration,Water,Ground,5,Medium Slow,75,65,55,65,55,69,384,5120,70,120
537,Seismitoad,Vibration,Water,Ground,5,Medium Slow,105,95,75,85,75,74,509,5120,70,45
538,Throh,Judo,Fighting,,5,Medium Fast,120,100,85,30,85,45,465,5120,70,45
539,Sawk,Karate,Fighting,,5,Medium Fast,75,125,75,30,75,85,465,5120,70,45
540,Sewaddle,Sewing,Bug,Grass,5,Medium Slow,45,53,70,40,60,42,310,3840,70,255
541,Swadloon,Leaf-Wrapped,Bug,Grass,5,Medium Slow,55,63,90,50,80,42,380,3840,70,120
542,Leavanny,Nurturing,Bug,Grass,5,Medium Slow,75,103,80,70,80,92,500,3840,70,45
543,Venipede,Centipede,Bug,Poison,5,Medium Slow,30,45,59,30,39,57,260,3840,70,255
544,Whirlipede,Curlipede,Bug,Poison,5,Medium Slow,40,55,99,40,79,47,360,3840,70,120
545,Scolipede,Megapede,Bug,Poison,5,Medium Slow,60,100,89,55,69,112,485,5120,70,45
546,Cottonee,Cotton,Grass,Fairy,5,Medium Fast,40,27,60,37,50,66,280,5120,70,190
547,Whimsicott,Windveiled,Grass,Fairy,5,Medium Fast,60,67,85,77,75,116,480,5120,70,75
548,Petilil,Bulb,Grass,,5,Medium Fast,45,35,50,70,50,30,280,5120,70,190
549,Lilligant,Flowering,Grass,,5,Medium Fast,70,60,75,110,75,90,480,5120,70,75
550,Basculin,Hostile,Water,,5,Medium Fast,70,92,65,80,55,98,460,10240,70,25
551,Sandile,Desert,Ground,Dark,5,Medium Slow,50,72,35,35,35,65,292,5120,70,180
552,Krokorok,Desert,Ground,Dark,5,Medium Slow,60,82,45,45,45,74,351,5120,70,90
553,Krookodile,Intimidation,Ground,Dark,5,Medium Slow,95,117,80,65,70,92,519,5120,70,45
554,Darumaka,Zen,Fire,,5,Medium Slow,70,90,45,15,45,50,315,5120,70,120
555,Darmanitan,Blazing,Fire,Fire,5,Medium Slow,105,30,105,140,105,55,540,5120,70,60
556,Maractus,Cactus,Grass,,5,Medium Fast,75,86,67,106,67,60,461,5120,70,255
557,Dwebble,Rock,Bug,Rock,5,Medium Fast,50,65,85,35,35,55,325,5120,70,190
558,Crustle,Stone,Bug,Rock,5,Medium Fast,70,105,125,65,75,45,485,5120,70,75
559,Scraggy,Shedding,Dark,Fighting,5,Medium Fast,50,75,70,35,70,48,348,3840,35,180
560,Scrafty,Hoodlum,Dark,Fighting,5,Medium Fast,65,90,115,45,115,58,488,3840,70,90
561,Sigilyph,Avianoid,Psychic,Flying,5,Medium Fast,72,58,80,103,80,97,490,5120,70,45
562,Yamask,Spirit,Ghost,,5,Medium Fast,38,30,85,55,65,30,303,6400,70,190
563,Cofagrigus,Coffin,Ghost,,5,Medium Fast,58,50,145,95,105,30,483,6400,70,90
564,Tirtouga,Prototurtle,Water,Rock,5,Medium Fast,54,78,103,53,45,22,355,7680,70,45
565,Carracosta,Prototurtle,Water,Rock,5,Medium Fast,74,108,133,83,65,32,495,7680,70,45
566,Archen,First,Rock,Flying,5,Medium Fast,55,112,45,74,45,70,401,7680,70,45
567,Archeops,First,Rock,Flying,5,Medium Fast,75,140,65,112,65,110,567,7680,70,45
568,Trubbish,Trash,Poison,,5,Medium Fast,50,50,62,40,62,65,329,5120,70,190
569,Garbodor,Trash,Poison,,5,Medium Fast,80,95,82,60,82,75,474,5120,70,60
570,Zorua,Tricky,Dark,,5,Medium Slow,40,65,40,80,40,65,330,6400,70,75
571,Zoroark,Illusion,Dark,,5,Medium Slow,60,105,60,120,60,105,510,5120,70,45
572,Minccino,Chinchilla,Normal,,5,Fast,55,50,40,40,40,75,300,3840,70,255
573,Cinccino,Scarf,Normal,,5,Fast,75,95,60,65,60,115,470,3840,70,60
574,Gothita,Fixation,Psychic,,5,Medium Slow,45,30,50,55,65,45,290,5120,70,200
575,Gothorita,Manipulate,Psychic,,5,Medium Slow,60,45,70,75,85,55,390,5120,70,100
576,Gothitelle,Astral,Psychic,,5,Medium Slow,70,55,95,95,110,65,490,5120,70,50
577,Solosis,Cell,Psychic,,5,Medium Slow,45,30,40,105,50,20,290,5120,70,200
578,Duosion,Mitosis,Psychic,,5,Medium Slow,65,40,50,125,60,30,370,5120,70,100
579,Reuniclus,Multiplying,Psychic,,5,Medium Slow,110,65,75,125,85,30,490,5120,70,50
580,Ducklett,Water,Water,Flying,5,Medium Fast,62,44,50,44,50,55,305,5120,70,190
581,Swanna,White,Water,Flying,5,Medium Fast,75,87,63,87,63,98,473,5120,70,45
582,Vanillite,Fresh,Ice,,5,Slow,36,50,50,65,60,44,305,5120,70,255
583,Vanillish,Icy,Ice,,5,Slow,51,65,65,80,75,59,395,5120,70,120
584,Vanilluxe,Snowstorm,Ice,,5,Slow,71,95,85,110,95,79,535,5120,70,45
585,Deerling,Season,Normal,Grass,5,Medium Fast,60,60,50,40,50,75,335,5120,70,190
586,Sawsbuck,Season,Normal,Grass,5,Medium Fast,80,100,70,60,70,95,475,5120,70,75
587,Emolga,Sky,Electric,Flying,5,Medium Fast,55,75,60,75,60,103,428,5120,70,200
588,Karrablast,Clamping,Bug,,5,Medium Fast,50,75,45,40,45,60,315,3840,70,200
589,Escavalier,Cavalry,Bug,Steel,5,Medium Fast,70,135,105,60,105,20,495,3840,70,75
590,Foongus,Mushroom,Grass,Poison,5,Medium Fast,69,55,45,55,55,15,294,5120,70,190
591,Amoonguss,Mushroom,Grass,Poison,5,Medium Fast,114,85,70,85,80,30,464,5120,70,75
592,Frillish,Floating,Water,Ghost,5,Medium Fast,55,40,50,65,85,40,335,5120,70,190
593,Jellicent,Floating,Water,Ghost,5,Medium Fast,100,60,70,85,105,60,480,5120,70,60
594,Alomomola,Caring,Water,,5,Fast,165,75,80,40,45,65,470,10240,70,75
595,Joltik,Attaching,Bug,Electric,5,Medium Fast,50,47,50,57,50,65,319,5120,70,190
596,Galvantula,EleSpider,Bug,Electric,5,Medium Fast,70,77,60,97,60,108,472,5120,70,75
597,Ferroseed,Thorn,Grass,Steel,5,Medium Fast,44,50,91,24,86,10,305,5120,70,255
598,Ferrothorn,Thorn,Grass,Steel,5,Medium Fast,74,94,131,54,116,20,489,5120,70,90
599,Klink,Gear,Steel,,5,Medium Slow,40,55,70,45,60,30,300,5120,70,130
600,Klang,Gear,Steel,,5,Medium Slow,60,80,95,70,85,50,440,5120,70,60
601,Klinklang,Gear,Steel,,5,Medium Slow,60,100,115,70,85,90,520,5120,70,30
602,Tynamo,EleFish,Electric,,5,Slow,35,55,40,45,40,60,275,5120,70,190
603,Eelektrik,EleFish,Electric,,5,Slow,65,85,70,75,70,40,405,5120,70,60
604,Eelektross,EleFish,Electric,,5,Slow,85,115,80,105,80,50,515,5120,70,30
605,Elgyem,Cerebral,Psychic,,5,Medium Fast,55,55,55,85,55,30,335,5120,70,255
606,Beheeyem,Cerebral,Psychic,,5,Medium Fast,75,75,75,125,95,40,485,5120,70,90
607,Litwick,Candle,Ghost,Fire,5,Medium Slow,50,30,55,65,55,20,275,5120,70,190
608,Lampent,Lamp,Ghost,Fire,5,Medium Slow,60,40,60,95,60,55,370,5120,70,90
609,Chandelure,Luring,Ghost,Fire,5,Medium Slow,60,55,90,145,90,80,520,5120,70,45
610,Axew,Tusk,Dragon,,5,Slow,46,87,60,30,40,57,320,10240,35,75
611,Fraxure,Axe,Dragon,,5,Slow,66,117,70,40,50,67,410,10240,35,60
612,Haxorus,Axe,Dragon,,5,Slow,76,147,90,60,70,97,540,10240,35,45
613,Cubchoo,Chill,Ice,,5,Medium Fast,55,70,40,60,40,40,305,5120,70,120
614,Beartic,Freezing,Ice,,5,Medium Fast,95,130,80,70,80,50,505,5120,70,60
615,Cryogonal,Crystallizing,Ice,,5,Medium Fast,80,50,50,95,135,105,515,6400,70,25
616,Shelmet,Snail,Bug,,5,Medium Fast,50,40,85,40,65,25,305,3840,70,200
617,Accelgor,Shell,Bug,,5,Medium Fast,80,70,40,100,60,145,495,3840,70,75
618,Stunfisk,Trap,Ground,Electric,5,Medium Fast,109,66,84,81,99,32,471,5120,70,75
619,Mienfoo,Martial,Fighting,,5,Medium Slow,45,85,50,55,50,65,350,6400,70,180
620,Mienshao,Martial,Fighting,,5,Medium Slow,65,125,60,95,60,105,510,6400,70,45
621,Druddigon,Cave,Dragon,,5,Medium Fast,77,120,90,60,90,48,485,7680,70,45
622,Golett,Automaton,Ground,Ghost,5,Medium Fast,59,74,50,35,50,35,303,6400,70,190
623,Golurk,Automaton,Ground,Ghost,5,Medium Fast,89,124,80,55,80,55,483,6400,70,90
624,Pawniard,Sharp,Dark,Steel,5,Medium Fast,45,85,70,40,40,60,340,5120,35,120
625,Bisharp,Sword,Dark,Steel,5,Medium Fast,65,125,100,60,70,70,490,5120,35,45
626,Bouffalant,Bash,Normal,,5,Medium Fast,95,110,95,40,95,55,490,5120,70,45
627,Rufflet,Eaglet,Normal,Flying,5,Slow,70,83,50,37,50,60,350,5120,70,190
628,Braviary,Valiant,Normal,Flying,5,Slow,100,123,75,57,75,80,510,5120,70,60
629,Vullaby,Diapered,Dark,Flying,5,Slow,70,55,75,45,65,60,370,5120,35,190
630,Mandibuzz,Bone,Dark,Flying,5,Slow,110,65,105,55,95,80,510,5120,35,60
631,Heatmor,Anteater,Fire,,5,Medium Fast,85,97,66,105,66,65,484,5120,70,90
632,Durant,Iron,Bug,Steel,5,Medium Fast,58,109,112,48,48,109,484,5120,70,90
633,Deino,Irate,Dark,Dragon,5,Slow,52,65,50,45,50,38,300,10240,35,45
634,Zweilous,Hostile,Dark,Dragon,5,Slow,72,85,70,65,70,58,420,10240,35,45
635,Hydreigon,Brutal,Dark,Dragon,5,Slow,92,105,90,125,90,98,600,10240,35,45
636,Larvesta,Torch,Bug,Fire,5,Slow,55,85,55,50,55,60,360,10240,70,45
637,Volcarona,Sun,Bug,Fire,5,Slow,85,60,65,135,105,100,550,10240,70,15
638,Cobalion,Iron,Steel,Fighting,5,Slow,91,90,129,90,72,108,580,20480,35,3
639,Terrakion,Cavern,Rock,Fighting,5,Slow,91,129,90,72,90,108,580,20480,35,3
640,Virizion,Grassland,Grass,Fighting,5,Slow,91,90,72,90,129,108,580,20480,35,3
641,Tornadus,Cyclone,Flying,,5,Slow,79,100,80,110,90,121,580,30720,90,3
642,Thundurus,Bolt,Electric,Flying,5,Slow,79,105,70,145,80,101,580,30720,90,3
643,Reshiram,Vast,Dragon,Fire,5,Slow,100,120,100,150,120,90,680,30720,0,3
644,Zekrom,Deep,Dragon,Electric,5,Slow,100,150,120,120,100,90,680,30720,0,3
645,Landorus,Abundance,Ground,Flying,5,Slow,89,145,90,105,80,91,600,30720,90,3
646,Kyurem,Boundary,Dragon,Ice,5,Slow,125,120,90,170,100,95,700,30720,0,3
647,Keldeo,Colt,Water,Fighting,5,Slow,91,72,90,129,90,108,580,20480,35,3
648,Meloetta,Melody,Normal,Psychic,5,Slow,100,128,90,77,77,128,600,30720,100,3
649,Genesect,Paleozoic,Bug,Steel,5,Slow,71,120,95,120,95,99,600,30720,0,3
650,Chespin,Spiky,Grass,,6,Medium Slow,56,61,65,48,45,38,313,5120,70,45
651,Quilladin,Spiny,Grass,,6,Medium Slow,61,78,95,56,58,57,405,5120,70,45
652,Chesnaught,Spiny,Grass,Fighting,6,Medium Slow,88,107,122,74,75,64,530,5120,70,45
653,Fennekin,Fox,Fire,,6,Medium Slow,40,45,40,62,60,60,307,5120,70,45
654,Braixen,Fox,Fire,,6,Medium Slow,59,59,58,90,70,73,409,5120,70,45
655,Delphox,Fox,Fire,Psychic,6,Medium Slow,75,69,72,114,100,104,534,5120,70,45
656,Froakie,Bubble,Water,,6,Medium Slow,41,56,40,62,44,71,314,5120,70,45
657,Frogadier,Bubble,Water,,6,Medium Slow,54,63,52,83,56,97,405,5120,70,45
658,Greninja,Ninja,Water,Dark,6,Medium Slow,72,145,67,153,71,132,640,5120,70,45
659,Bunnelby,Digging,Normal,,6,Medium Fast,38,36,38,32,36,57,237,3840,70,255
660,Diggersby,Digging,Normal,Ground,6,Medium Fast,85,56,77,50,77,78,423,3840,70,127
661,Fletchling,Tiny,Normal,Flying,6,Medium Slow,45,50,43,40,38,62,278,3840,70,255
662,Fletchinder,Ember,Fire,Flying,6,Medium Slow,62,73,55,56,52,84,382,3840,70,120
663,Talonflame,Scorching,Fire,Flying,6,Medium Slow,78,81,71,74,69,126,499,3840,70,45
664,Scatterbug,Scatterdust,Bug,,6,Medium Fast,38,35,40,27,25,35,200,3840,70,255
665,Spewpa,Scatterdust,Bug,,6,Medium Fast,45,22,60,27,30,29,213,3840,70,120
666,Vivillon,Scale,Bug,Flying,6,Medium Fast,80,52,50,90,50,89,411,3840,70,45
667,Litleo,Lion,Fire,Normal,6,Medium Slow,62,50,58,73,54,72,369,5120,70,220
668,Pyroar,Royal,Fire,Normal,6,Medium Slow,86,68,72,109,66,106,507,5120,70,65
669,Flabb,Single,Fairy,,6,Medium Fast,44,38,39,61,79,42,303,5120,70,225
670,Floette,Fairy,Fairy,,6,Medium Fast,74,65,67,125,128,92,551,5120,70,120
671,Florges,Garden,Fairy,,6,Medium Fast,78,65,68,112,154,75,552,5120,70,45
672,Skiddo,Mount,Grass,,6,Medium Fast,66,65,48,62,57,52,350,5120,70,200
673,Gogoat,Mount,Grass,,6,Medium Fast,123,100,62,97,81,68,531,5120,70,45
674,Pancham,Playful,Fighting,,6,Medium Fast,67,82,62,46,48,43,348,6400,70,220
675,Pangoro,Daunting,Fighting,Dark,6,Medium Fast,95,124,78,69,71,58,495,6400,70,65
676,Furfrou,Poodle,Normal,,6,Medium Fast,75,80,60,65,90,102,472,5120,70,160
677,Espurr,Restraint,Psychic,,6,Medium Fast,62,48,54,63,60,68,355,5120,70,190
678,Meowstic,Constraint,Psychic,,6,Medium Fast,74,48,76,83,81,104,466,5120,70,75
679,Honedge,Sword,Steel,Ghost,6,Medium Fast,45,80,100,35,37,28,325,5120,70,180
680,Doublade,Sword,Steel,Ghost,6,Medium Fast,59,110,150,45,49,35,448,5120,70,90
681,Aegislash,Royal,Steel,Ghost,6,Medium Fast,60,150,50,150,50,60,520,5120,70,45
682,Spritzee,Perfume,Fairy,,6,Medium Fast,78,52,60,63,65,23,341,5120,70,200
683,Aromatisse,Fragrance,Fairy,,6,Medium Fast,101,72,72,99,89,29,462,5120,70,140
684,Swirlix,Cotton,Fairy,,6,Medium Fast,62,48,66,59,57,49,341,5120,70,200
685,Slurpuff,Meringue,Fairy,,6,Medium Fast,82,80,86,85,75,72,480,5120,70,140
686,Inkay,Revolving,Dark,Psychic,6,Medium Fast,53,54,53,37,46,45,288,5120,70,190
687,Malamar,Overturning,Dark,Psychic,6,Medium Fast,86,92,88,68,75,73,482,5120,70,80
688,Binacle,Two-Handed,Rock,Water,6,Medium Fast,42,52,67,39,56,50,306,5120,70,120
689,Barbaracle,Collective,Rock,Water,6,Medium Fast,72,105,115,54,86,68,500,5120,70,45
690,Skrelp,Mock,Poison,Water,6,Medium Fast,50,60,60,60,60,30,320,5120,70,225
691,Dragalge,Mock,Poison,Dragon,6,Medium Fast,65,75,90,97,123,44,494,5120,70,55
692,Clauncher,Water,Water,,6,Slow,50,53,62,58,63,44,330,3840,70,225
693,Clawitzer,Howitzer,Water,,6,Slow,71,73,88,120,89,59,500,3840,70,55
694,Helioptile,Generator,Electric,Normal,6,Medium Fast,44,38,33,61,43,70,289,5120,70,190
695,Heliolisk,Generator,Electric,Normal,6,Medium Fast,62,55,52,109,94,109,481,5120,70,75
696,Tyrunt,Royal,Rock,Dragon,6,Medium Fast,58,89,77,45,45,48,362,7680,70,45
697,Tyrantrum,Despot,Rock,Dragon,6,Medium Fast,82,121,119,69,59,71,521,7680,70,45
698,Amaura,Tundra,Rock,Ice,6,Medium Fast,77,59,50,67,63,46,362,7680,70,45
699,Aurorus,Tundra,Rock,Ice,6,Medium Fast,123,77,72,99,92,58,521,7680,70,45
700,Sylveon,Intertwining,Fairy,,6,Medium Fast,95,65,65,110,130,60,525,8960,70,45
701,Hawlucha,Wrestling,Fighting,Flying,6,Medium Fast,78,92,75,74,63,118,500,5120,70,100
702,Dedenne,Antenna,Electric,Fairy,6,Medium Fast,67,58,57,81,67,101,431,5120,70,180
703,Carbink,Jewel,Rock,Fairy,6,Slow,50,50,150,50,150,50,500,6400,70,60
704,Goomy,Soft,Dragon,,6,Slow,45,50,35,55,75,40,300,10240,35,45
705,Sliggoo,Soft,Dragon,,6,Slow,68,75,53,83,113,60,452,10240,35,45
706,Goodra,Dragon,Dragon,,6,Slow,90,100,70,110,150,80,600,10240,35,45
707,Klefki,Key,Steel,Fairy,6,Fast,57,80,91,80,87,75,470,5120,70,75
708,Phantump,Stump,Ghost,Grass,6,Medium Fast,43,70,48,50,60,38,309,5120,70,120
709,Trevenant,Elder,Ghost,Grass,6,Medium Fast,85,110,76,65,82,56,474,5120,70,60
710,Pumpkaboo,Pumpkin,Ghost,Grass,6,Medium Fast,59,66,70,44,55,41,335,5120,70,120
711,Gourgeist,Pumpkin,Ghost,Grass,6,Medium Fast,85,100,122,58,75,54,494,5120,70,60
712,Bergmite,Ice,Ice,,6,Medium Fast,55,69,85,32,35,28,304,5120,70,190
713,Avalugg,Iceberg,Ice,,6,Medium Fast,95,117,184,44,46,28,514,5120,70,55
714,Noibat,Sound,Flying,Dragon,6,Medium Fast,40,30,35,45,40,55,245,5120,70,190
715,Noivern,Sound,Flying,Dragon,6,Medium Fast,85,70,80,97,80,123,535,5120,70,45
716,Xerneas,Life,Fairy,,6,Slow,126,131,95,131,98,99,680,30720,0,45
717,Yveltal,Destruction,Dark,Flying,6,Slow,126,131,95,131,98,99,680,30720,0,45
718,Zygarde,Order,Dragon,Ground,6,Slow,216,100,121,91,95,85,708,30720,0,3
719,Diancie,Jewel,Rock,Fairy,6,Slow,50,160,110,160,110,110,700,6400,70,3
721,Volcanion,Steam,Fire,Water,6,Slow,80,110,120,130,90,70,600,30720,100,3
722,Rowlet,Grass,Grass,Flying,7,Medium Slow,68,55,55,50,50,42,320,3840,70,45
723,Dartrix,Blade,Grass,Flying,7,Medium Slow,78,75,75,70,70,52,420,3840,70,45
724,Decidueye,Arrow,Grass,Ghost,7,Medium Slow,78,107,75,100,100,70,530,3840,70,45
725,Litten,Fire,Fire,,7,Medium Slow,45,65,40,60,40,70,320,3840,70,45
726,Torracat,Fire,Fire,,7,Medium Slow,65,85,50,80,50,90,420,3840,70,45
727,Incineroar,Heel,Fire,Dark,7,Medium Slow,95,115,90,80,90,60,530,3840,70,45
728,Popplio,Sea,Water,,7,Medium Slow,50,54,54,66,56,40,320,3840,70,45
729,Brionne,Pop,Water,,7,Medium Slow,60,69,69,91,81,50,420,3840,70,45
730,Primarina,Soloist,Water,Fairy,7,Medium Slow,80,74,74,126,116,60,530,3840,70,45
731,Pikipek,Woodpecker,Normal,Flying,7,Medium Fast,35,75,30,30,30,65,265,3840,70,255
732,Trumbeak,Bugle,Normal,Flying,7,Medium Fast,55,85,50,40,50,75,355,3840,70,120
733,Toucannon,Cannon,Normal,Flying,7,Medium Fast,80,120,75,75,75,60,485,3840,70,45
734,Yungoos,Loitering,Normal,,7,Medium Fast,48,70,30,30,30,45,253,3840,70,255
735,Gumshoos,Stakeout,Normal,,7,Medium Fast,88,110,60,55,60,45,418,3840,70,127
736,Grubbin,Larva,Bug,,7,Medium Fast,47,62,45,55,45,46,300,3840,70,255
737,Charjabug,Battery,Bug,Electric,7,Medium Fast,57,82,95,55,75,36,400,3840,70,120
738,Vikavolt,Stag,Bug,Electric,7,Medium Fast,77,70,90,145,75,43,500,3840,70,45
739,Crabrawler,Boxing,Fighting,,7,Medium Fast,47,82,57,42,47,63,338,5120,70,225
740,Crabominable,Woolly,Fighting,Ice,7,Medium Fast,97,132,77,62,67,43,478,5120,70,60
741,Oricorio,Dancing,Fire,Flying,7,Medium Fast,75,70,70,98,70,93,476,5120,70,45
742,Cutiefly,Bee,Bug,Fairy,7,Medium Fast,40,45,40,55,40,84,304,5120,70,190
743,Ribombee,Bee,Bug,Fairy,7,Medium Fast,60,55,60,95,70,124,464,5120,70,75
744,Rockruff,Puppy,Rock,,7,Medium Fast,45,65,40,30,40,60,280,3840,70,190
745,Lycanroc,Wolf,Rock,,7,Medium Fast,85,115,75,55,75,82,487,3840,70,90
746,Wishiwashi,Small,Water,,7,Fast,45,140,130,140,135,30,620,3840,70,60
747,Mareanie,Brutal,Poison,Water,7,Medium Fast,50,53,62,43,52,45,305,5120,70,190
748,Toxapex,Brutal,Poison,Water,7,Medium Fast,50,63,152,53,142,35,495,5120,70,75
749,Mudbray,Donkey,Ground,,7,Medium Fast,70,100,70,45,55,45,385,5120,70,190
750,Mudsdale,Draft,Ground,,7,Medium Fast,100,125,100,55,85,35,500,5120,70,60
751,Dewpider,Water,Water,Bug,7,Medium Fast,38,40,52,40,72,27,269,3840,70,200
752,Araquanid,Water,Water,Bug,7,Medium Fast,68,70,92,50,132,42,454,3840,70,100
753,Fomantis,Sickle,Grass,,7,Medium Fast,40,55,35,50,35,35,250,5120,70,190
754,Lurantis,Bloom,Grass,,7,Medium Fast,70,105,90,80,90,45,480,5120,70,75
755,Morelull,Illuminating,Grass,Fairy,7,Medium Fast,40,35,55,65,75,15,285,5120,70,190
756,Shiinotic,Illuminating,Grass,Fairy,7,Medium Fast,60,45,80,90,100,30,405,5120,70,75
757,Salandit,Toxic,Poison,Fire,7,Medium Fast,48,44,40,71,40,77,320,5120,70,120
758,Salazzle,Toxic,Poison,Fire,7,Medium Fast,68,64,60,111,60,117,480,5120,70,45
759,Stufful,Flailing,Normal,Fighting,7,Medium Fast,70,75,50,45,50,50,340,3840,70,140
760,Bewear,Strong,Normal,Fighting,7,Medium Fast,120,125,80,55,60,60,500,3840,70,70
761,Bounsweet,Fruit,Grass,,7,Medium Slow,42,30,38,30,38,32,210,5120,70,235
762,Steenee,Fruit,Grass,,7,Medium Slow,52,40,48,40,48,62,290,5120,70,120
763,Tsareena,Fruit,Grass,,7,Medium Slow,72,120,98,50,98,72,510,5120,70,45
764,Comfey,Posy,Fairy,,7,Fast,51,52,90,82,110,100,485,5120,70,60
765,Oranguru,Sage,Normal,Psychic,7,Slow,90,60,80,90,110,60,490,5120,70,45
766,Passimian,Teamwork,Fighting,,7,Slow,100,120,90,40,60,80,490,5120,70,45
767,Wimpod,Turn,Bug,Water,7,Medium Fast,25,35,40,20,30,80,230,5120,70,90
768,Golisopod,Hard,Bug,Water,7,Medium Fast,75,125,140,60,90,40,530,5120,70,45
769,Sandygast,Sand,Ghost,Ground,7,Medium Fast,55,55,80,70,45,15,320,3840,70,140
770,Palossand,Sand,Ghost,Ground,7,Medium Fast,85,75,110,100,75,35,480,3840,70,60
771,Pyukumuku,Sea,Water,,7,Fast,55,60,130,30,130,5,410,3840,70,60
772,Type: Null,Synthetic,Normal,,7,Slow,95,95,95,95,95,59,534,30720,0,3
773,Silvally,Synthetic,Normal,,7,Slow,95,95,95,95,95,95,570,30720,0,3
775,Komala,Drowsing,Normal,,7,Slow,65,115,65,75,95,65,480,5120,70,45
776,Turtonator,Blast,Fire,Dragon,7,Medium Fast,60,78,135,91,85,36,485,5120,70,70
777,Togedemaru,Roly-Poly,Electric,Steel,7,Medium Fast,65,98,63,40,73,96,435,2560,70,180
778,Mimikyu,Disguise,Ghost,Fairy,7,Medium Fast,55,90,80,50,105,96,476,5120,70,45
779,Bruxish,Gnash,Water,Psychic,7,Medium Fast,68,105,70,70,70,92,475,3840,70,80
780,Drampa,Placid,Normal,Dragon,7,Medium Fast,78,60,85,135,91,36,485,5120,70,70
781,Dhelmise,Sea,Ghost,Grass,7,Medium Fast,70,131,100,86,90,40,517,6400,70,25
782,Jangmo-o,Scaly,Dragon,,7,Slow,45,55,65,45,45,45,300,10240,70,45
783,Hakamo-o,Scaly,Dragon,Fighting,7,Slow,55,75,90,65,70,65,420,10240,70,45
784,Kommo-o,Scaly,Dragon,Fighting,7,Slow,75,110,125,100,105,85,600,10240,70,45
785,Tapu Koko,Land,Electric,Fairy,7,Slow,70,115,85,95,75,130,570,3840,70,3
786,Tapu Lele,Land,Psychic,Fairy,7,Slow,70,85,75,130,115,95,570,3840,70,3
787,Tapu Bulu,Land,Grass,Fairy,7,Slow,70,130,115,85,95,75,570,3840,70,3
788,Tapu Fini,Land,Water,Fairy,7,Slow,70,75,115,95,130,85,570,3840,70,3
789,Cosmog,Nebula,Psychic,,7,Slow,43,29,31,29,31,37,200,30720,0,45
790,Cosmoem,Protostar,Psychic,,7,Slow,43,29,131,29,131,37,400,30720,0,45
791,Solgaleo,Sunne,Psychic,Steel,7,Slow,137,137,107,113,89,97,680,30720,0,45
792,Lunala,Moone,Psychic,Ghost,7,Slow,137,113,89,137,107,97,680,30720,0,45
793,Nihilego,Parasite,Rock,Poison,7,Slow,109,53,47,127,131,103,570,30720,0,45
794,Buzzwole,Swollen,Bug,Fighting,7,Slow,107,139,139,53,53,79,570,30720,0,25
795,Pheromosa,Lissome,Bug,Fighting,7,Slow,71,137,37,137,37,151,570,30720,0,255
796,Xurkitree,Glowing,Electric,,7,Slow,83,89,71,173,71,83,570,30720,0,30
797,Celesteela,Launch,Steel,Flying,7,Slow,97,101,103,107,101,61,570,30720,0,25
798,Kartana,Drawn,Grass,Steel,7,Slow,59,181,131,59,31,109,570,30720,0,255
799,Guzzlord,Junkivore,Dark,Dragon,7,Slow,223,101,53,97,53,43,570,30720,0,15
800,Necrozma,Prism,Psychic,,7,Slow,97,107,101,127,89,79,600,30720,0,3
801,Magearna,Artificial,Steel,Fairy,7,Slow,80,95,115,130,115,65,600,30720,0,3